<?xml version="1.0" encoding="utf-8" standalone="yes"?>
<rss version="2.0" xmlns:atom="http://www.w3.org/2005/Atom">
  <channel>
    <title>Categories on Educenter | hugo education template</title>
    <link>https://demo.gethugothemes.com/educenter/examplesite/categories/</link>
    <description>Recent content in Categories on Educenter | hugo education template</description>
    <generator>Hugo -- gohugo.io</generator>
    <language>en-us</language>
    <copyright>Copyright &amp;copy; 2021 a hugo theme by [Themefisher](https://themefisher.com/hugo-themes/)</copyright>
    <lastBuildDate>Sat, 06 Jul 2019 15:27:17 +0600</lastBuildDate><atom:link href="https://demo.gethugothemes.com/educenter/examplesite/categories/index.xml" rel="self" type="application/rss+xml" />
    <item>
      <title>Automation System</title>
      <link>https://demo.gethugothemes.com/educenter/examplesite/categories/automation-system/</link>
      <pubDate>Sat, 06 Jul 2019 15:27:17 +0600</pubDate>
      
      <guid>https://demo.gethugothemes.com/educenter/examplesite/categories/automation-system/</guid>
      <description></description>
    </item>
    
    <item>
      <title>Deep Learning</title>
      <link>https://demo.gethugothemes.com/educenter/examplesite/categories/deep-learning/</link>
      <pubDate>Sat, 06 Jul 2019 15:27:17 +0600</pubDate>
      
      <guid>https://demo.gethugothemes.com/educenter/examplesite/categories/deep-learning/</guid>
      <description></description>
    </item>
    
    <item>
      <title>Eco System</title>
      <link>https://demo.gethugothemes.com/educenter/examplesite/categories/eco-system/</link>
      <pubDate>Sat, 06 Jul 2019 15:27:17 +0600</pubDate>
      
      <guid>https://demo.gethugothemes.com/educenter/examplesite/categories/eco-system/</guid>
      <description></description>
    </item>
    
    <item>
      <title>Education System</title>
      <link>https://demo.gethugothemes.com/educenter/examplesite/categories/education-system/</link>
      <pubDate>Sat, 06 Jul 2019 15:27:17 +0600</pubDate>
      
      <guid>https://demo.gethugothemes.com/educenter/examplesite/categories/education-system/</guid>
      <description></description>
    </item>
    
    <item>
      <title>English Learning</title>
      <link>https://demo.gethugothemes.com/educenter/examplesite/categories/english-learning/</link>
      <pubDate>Sat, 06 Jul 2019 15:27:17 +0600</pubDate>
      
      <guid>https://demo.gethugothemes.com/educenter/examplesite/categories/english-learning/</guid>
      <description></description>
    </item>
    
    <item>
      <title>Mathmatics Learning</title>
      <link>https://demo.gethugothemes.com/educenter/examplesite/categories/mathmatics-learning/</link>
      <pubDate>Sat, 06 Jul 2019 15:27:17 +0600</pubDate>
      
      <guid>https://demo.gethugothemes.com/educenter/examplesite/categories/mathmatics-learning/</guid>
      <description></description>
    </item>
    
  </channel>
</rss>
