<?xml version="1.0" encoding="utf-8" standalone="yes"?>
<rss version="2.0" xmlns:atom="http://www.w3.org/2005/Atom">
  <channel>
    <title>Latest News on Educenter | hugo education template</title>
    <link>/blog/</link>
    <description>Recent content in Latest News on Educenter | hugo education template</description>
    <generator>Hugo -- gohugo.io</generator>
    <language>en-us</language>
    <copyright>Copyright &amp;copy; 2021 a hugo theme by [Themefisher](https://themefisher.com/hugo-themes/)</copyright>
    <lastBuildDate>Sat, 06 Jul 2019 15:27:17 +0600</lastBuildDate><atom:link href="/blog/index.xml" rel="self" type="application/rss+xml" />
    <item>
      <title>Elegant Light Box Paper Cut Dioramas</title>
      <link>/blog/blog-post-1/</link>
      <pubDate>Sat, 06 Jul 2019 15:27:17 +0600</pubDate>
      
      <guid>/blog/blog-post-1/</guid>
      <description>The standard Lorem Ipsum passage, used since the 1500s Lorem ipsum dolor sit amet, consectetur adipiscing elit, sed do eiusmod tempor incididunt ut labore et dolore magna aliqua.</description>
    </item>
    
    <item>
      <title>Elegant Light Box Paper Cut Dioramas</title>
      <link>/blog/blog-post-2/</link>
      <pubDate>Sat, 06 Jul 2019 15:27:17 +0600</pubDate>
      
      <guid>/blog/blog-post-2/</guid>
      <description>The standard Lorem Ipsum passage, used since the 1500s Lorem ipsum dolor sit amet, consectetur adipiscing elit, sed do eiusmod tempor incididunt ut labore et dolore magna aliqua.</description>
    </item>
    
    <item>
      <title>Elegant Light Box Paper Cut Dioramas</title>
      <link>/blog/blog-post-3/</link>
      <pubDate>Sat, 06 Jul 2019 15:27:17 +0600</pubDate>
      
      <guid>/blog/blog-post-3/</guid>
      <description>The standard Lorem Ipsum passage, used since the 1500s Lorem ipsum dolor sit amet, consectetur adipiscing elit, sed do eiusmod tempor incididunt ut labore et dolore magna aliqua.</description>
    </item>
    
    <item>
      <title>Elegant Light Box Paper Cut Dioramas</title>
      <link>/blog/blog-post-4/</link>
      <pubDate>Sat, 06 Jul 2019 15:27:17 +0600</pubDate>
      
      <guid>/blog/blog-post-4/</guid>
      <description>The standard Lorem Ipsum passage, used since the 1500s Lorem ipsum dolor sit amet, consectetur adipiscing elit, sed do eiusmod tempor incididunt ut labore et dolore magna aliqua.</description>
    </item>
    
    <item>
      <title>Elegant Light Box Paper Cut Dioramas</title>
      <link>/blog/blog-post-5/</link>
      <pubDate>Sat, 06 Jul 2019 15:27:17 +0600</pubDate>
      
      <guid>/blog/blog-post-5/</guid>
      <description>The standard Lorem Ipsum passage, used since the 1500s Lorem ipsum dolor sit amet, consectetur adipiscing elit, sed do eiusmod tempor incididunt ut labore et dolore magna aliqua.</description>
    </item>
    
    <item>
      <title>Elegant Light Box Paper Cut Dioramas</title>
      <link>/blog/blog-post-6/</link>
      <pubDate>Sat, 06 Jul 2019 15:27:17 +0600</pubDate>
      
      <guid>/blog/blog-post-6/</guid>
      <description>The standard Lorem Ipsum passage, used since the 1500s Lorem ipsum dolor sit amet, consectetur adipiscing elit, sed do eiusmod tempor incididunt ut labore et dolore magna aliqua.</description>
    </item>
    
  </channel>
</rss>
