<?xml version="1.0" encoding="utf-8" standalone="yes"?>
<rss version="2.0" xmlns:atom="http://www.w3.org/2005/Atom">
  <channel>
    <title>Educenter | hugo education template</title>
    <link>https://demo.gethugothemes.com/educenter/examplesite/</link>
    <description>Recent content on Educenter | hugo education template</description>
    <generator>Hugo -- gohugo.io</generator>
    <language>en-us</language>
    <copyright>Copyright &amp;copy; 2021 a hugo theme by [Themefisher](https://themefisher.com/hugo-themes/)</copyright>
    <lastBuildDate>Sat, 09 Mar 2030 15:27:17 +0600</lastBuildDate><atom:link href="https://demo.gethugothemes.com/educenter/examplesite/index.xml" rel="self" type="application/rss+xml" />
    <item>
      <title>Social media and behavior economics conference</title>
      <link>https://demo.gethugothemes.com/educenter/examplesite/event/event-1/</link>
      <pubDate>Sat, 09 Mar 2030 15:27:17 +0600</pubDate>
      
      <guid>https://demo.gethugothemes.com/educenter/examplesite/event/event-1/</guid>
      <description>About Event Lorem ipsum dolor sit amet, consectetur adipisicing elit, sed do eiusmod tempor incididunt ut labore et dolore magna aliqua.</description>
    </item>
    
    <item>
      <title>Social media and behavior economics conference</title>
      <link>https://demo.gethugothemes.com/educenter/examplesite/event/event-2/</link>
      <pubDate>Sat, 09 Mar 2030 15:27:17 +0600</pubDate>
      
      <guid>https://demo.gethugothemes.com/educenter/examplesite/event/event-2/</guid>
      <description>About Event Lorem ipsum dolor sit amet, consectetur adipisicing elit, sed do eiusmod tempor incididunt ut labore et dolore magna aliqua.</description>
    </item>
    
    <item>
      <title>Social media and behavior economics conference</title>
      <link>https://demo.gethugothemes.com/educenter/examplesite/event/event-3/</link>
      <pubDate>Sat, 09 Mar 2030 15:27:17 +0600</pubDate>
      
      <guid>https://demo.gethugothemes.com/educenter/examplesite/event/event-3/</guid>
      <description>About Event Lorem ipsum dolor sit amet, consectetur adipisicing elit, sed do eiusmod tempor incididunt ut labore et dolore magna aliqua.</description>
    </item>
    
    <item>
      <title>Social media and behavior economics conference</title>
      <link>https://demo.gethugothemes.com/educenter/examplesite/event/event-4/</link>
      <pubDate>Sat, 09 Mar 2030 15:27:17 +0600</pubDate>
      
      <guid>https://demo.gethugothemes.com/educenter/examplesite/event/event-4/</guid>
      <description>About Event Lorem ipsum dolor sit amet, consectetur adipisicing elit, sed do eiusmod tempor incididunt ut labore et dolore magna aliqua.</description>
    </item>
    
    <item>
      <title>Social media and behavior economics conference</title>
      <link>https://demo.gethugothemes.com/educenter/examplesite/event/event-5/</link>
      <pubDate>Sat, 09 Mar 2030 15:27:17 +0600</pubDate>
      
      <guid>https://demo.gethugothemes.com/educenter/examplesite/event/event-5/</guid>
      <description>About Event Lorem ipsum dolor sit amet, consectetur adipisicing elit, sed do eiusmod tempor incididunt ut labore et dolore magna aliqua.</description>
    </item>
    
    <item>
      <title>Social media and behavior economics conference</title>
      <link>https://demo.gethugothemes.com/educenter/examplesite/event/event-6/</link>
      <pubDate>Sat, 09 Mar 2030 15:27:17 +0600</pubDate>
      
      <guid>https://demo.gethugothemes.com/educenter/examplesite/event/event-6/</guid>
      <description>About Event Lorem ipsum dolor sit amet, consectetur adipisicing elit, sed do eiusmod tempor incididunt ut labore et dolore magna aliqua.</description>
    </item>
    
    <item>
      <title>Algorithm</title>
      <link>https://demo.gethugothemes.com/educenter/examplesite/course/course-5/</link>
      <pubDate>Sat, 06 Jul 2019 15:27:17 +0600</pubDate>
      
      <guid>https://demo.gethugothemes.com/educenter/examplesite/course/course-5/</guid>
      <description>About Course Lorem ipsum dolor sit amet, consectetur adipisicing elit, sed do eiusmod tempor incididunt ut labore et dolore magna aliqua.</description>
    </item>
    
    <item>
      <title>Artificial Intelligence</title>
      <link>https://demo.gethugothemes.com/educenter/examplesite/course/course-3/</link>
      <pubDate>Sat, 06 Jul 2019 15:27:17 +0600</pubDate>
      
      <guid>https://demo.gethugothemes.com/educenter/examplesite/course/course-3/</guid>
      <description>About Course Lorem ipsum dolor sit amet, consectetur adipisicing elit, sed do eiusmod tempor incididunt ut labore et dolore magna aliqua.</description>
    </item>
    
    <item>
      <title>Elegant Light Box Paper Cut Dioramas</title>
      <link>https://demo.gethugothemes.com/educenter/examplesite/blog/blog-post-1/</link>
      <pubDate>Sat, 06 Jul 2019 15:27:17 +0600</pubDate>
      
      <guid>https://demo.gethugothemes.com/educenter/examplesite/blog/blog-post-1/</guid>
      <description>The standard Lorem Ipsum passage, used since the 1500s Lorem ipsum dolor sit amet, consectetur adipiscing elit, sed do eiusmod tempor incididunt ut labore et dolore magna aliqua.</description>
    </item>
    
    <item>
      <title>Elegant Light Box Paper Cut Dioramas</title>
      <link>https://demo.gethugothemes.com/educenter/examplesite/blog/blog-post-2/</link>
      <pubDate>Sat, 06 Jul 2019 15:27:17 +0600</pubDate>
      
      <guid>https://demo.gethugothemes.com/educenter/examplesite/blog/blog-post-2/</guid>
      <description>The standard Lorem Ipsum passage, used since the 1500s Lorem ipsum dolor sit amet, consectetur adipiscing elit, sed do eiusmod tempor incididunt ut labore et dolore magna aliqua.</description>
    </item>
    
    <item>
      <title>Elegant Light Box Paper Cut Dioramas</title>
      <link>https://demo.gethugothemes.com/educenter/examplesite/blog/blog-post-3/</link>
      <pubDate>Sat, 06 Jul 2019 15:27:17 +0600</pubDate>
      
      <guid>https://demo.gethugothemes.com/educenter/examplesite/blog/blog-post-3/</guid>
      <description>The standard Lorem Ipsum passage, used since the 1500s Lorem ipsum dolor sit amet, consectetur adipiscing elit, sed do eiusmod tempor incididunt ut labore et dolore magna aliqua.</description>
    </item>
    
    <item>
      <title>Elegant Light Box Paper Cut Dioramas</title>
      <link>https://demo.gethugothemes.com/educenter/examplesite/blog/blog-post-4/</link>
      <pubDate>Sat, 06 Jul 2019 15:27:17 +0600</pubDate>
      
      <guid>https://demo.gethugothemes.com/educenter/examplesite/blog/blog-post-4/</guid>
      <description>The standard Lorem Ipsum passage, used since the 1500s Lorem ipsum dolor sit amet, consectetur adipiscing elit, sed do eiusmod tempor incididunt ut labore et dolore magna aliqua.</description>
    </item>
    
    <item>
      <title>Elegant Light Box Paper Cut Dioramas</title>
      <link>https://demo.gethugothemes.com/educenter/examplesite/blog/blog-post-5/</link>
      <pubDate>Sat, 06 Jul 2019 15:27:17 +0600</pubDate>
      
      <guid>https://demo.gethugothemes.com/educenter/examplesite/blog/blog-post-5/</guid>
      <description>The standard Lorem Ipsum passage, used since the 1500s Lorem ipsum dolor sit amet, consectetur adipiscing elit, sed do eiusmod tempor incididunt ut labore et dolore magna aliqua.</description>
    </item>
    
    <item>
      <title>Elegant Light Box Paper Cut Dioramas</title>
      <link>https://demo.gethugothemes.com/educenter/examplesite/blog/blog-post-6/</link>
      <pubDate>Sat, 06 Jul 2019 15:27:17 +0600</pubDate>
      
      <guid>https://demo.gethugothemes.com/educenter/examplesite/blog/blog-post-6/</guid>
      <description>The standard Lorem Ipsum passage, used since the 1500s Lorem ipsum dolor sit amet, consectetur adipiscing elit, sed do eiusmod tempor incididunt ut labore et dolore magna aliqua.</description>
    </item>
    
    <item>
      <title>Geography</title>
      <link>https://demo.gethugothemes.com/educenter/examplesite/research/research-1/</link>
      <pubDate>Sat, 06 Jul 2019 15:27:17 +0600</pubDate>
      
      <guid>https://demo.gethugothemes.com/educenter/examplesite/research/research-1/</guid>
      <description>About Research Lorem ipsum dolor sit amet, consectetur adipisicing elit, sed do eiusmod tempor incididunt ut labore et dolore magna aliqua.</description>
    </item>
    
    <item>
      <title>Geography</title>
      <link>https://demo.gethugothemes.com/educenter/examplesite/research/research-2/</link>
      <pubDate>Sat, 06 Jul 2019 15:27:17 +0600</pubDate>
      
      <guid>https://demo.gethugothemes.com/educenter/examplesite/research/research-2/</guid>
      <description>About Research Lorem ipsum dolor sit amet, consectetur adipisicing elit, sed do eiusmod tempor incididunt ut labore et dolore magna aliqua.</description>
    </item>
    
    <item>
      <title>Geography</title>
      <link>https://demo.gethugothemes.com/educenter/examplesite/research/research-3/</link>
      <pubDate>Sat, 06 Jul 2019 15:27:17 +0600</pubDate>
      
      <guid>https://demo.gethugothemes.com/educenter/examplesite/research/research-3/</guid>
      <description>About Research Lorem ipsum dolor sit amet, consectetur adipisicing elit, sed do eiusmod tempor incididunt ut labore et dolore magna aliqua.</description>
    </item>
    
    <item>
      <title>Geography</title>
      <link>https://demo.gethugothemes.com/educenter/examplesite/research/research-4/</link>
      <pubDate>Sat, 06 Jul 2019 15:27:17 +0600</pubDate>
      
      <guid>https://demo.gethugothemes.com/educenter/examplesite/research/research-4/</guid>
      <description>About Research Lorem ipsum dolor sit amet, consectetur adipisicing elit, sed do eiusmod tempor incididunt ut labore et dolore magna aliqua.</description>
    </item>
    
    <item>
      <title>Geography</title>
      <link>https://demo.gethugothemes.com/educenter/examplesite/research/research-5/</link>
      <pubDate>Sat, 06 Jul 2019 15:27:17 +0600</pubDate>
      
      <guid>https://demo.gethugothemes.com/educenter/examplesite/research/research-5/</guid>
      <description>About Research Lorem ipsum dolor sit amet, consectetur adipisicing elit, sed do eiusmod tempor incididunt ut labore et dolore magna aliqua.</description>
    </item>
    
    <item>
      <title>Geography</title>
      <link>https://demo.gethugothemes.com/educenter/examplesite/research/research-6/</link>
      <pubDate>Sat, 06 Jul 2019 15:27:17 +0600</pubDate>
      
      <guid>https://demo.gethugothemes.com/educenter/examplesite/research/research-6/</guid>
      <description>About Research Lorem ipsum dolor sit amet, consectetur adipisicing elit, sed do eiusmod tempor incididunt ut labore et dolore magna aliqua.</description>
    </item>
    
    <item>
      <title>JavaScript</title>
      <link>https://demo.gethugothemes.com/educenter/examplesite/course/course-4/</link>
      <pubDate>Sat, 06 Jul 2019 15:27:17 +0600</pubDate>
      
      <guid>https://demo.gethugothemes.com/educenter/examplesite/course/course-4/</guid>
      <description>About Course Lorem ipsum dolor sit amet, consectetur adipisicing elit, sed do eiusmod tempor incididunt ut labore et dolore magna aliqua.</description>
    </item>
    
    <item>
      <title>Mathematics</title>
      <link>https://demo.gethugothemes.com/educenter/examplesite/course/course-2/</link>
      <pubDate>Sat, 06 Jul 2019 15:27:17 +0600</pubDate>
      
      <guid>https://demo.gethugothemes.com/educenter/examplesite/course/course-2/</guid>
      <description>About Course Lorem ipsum dolor sit amet, consectetur adipisicing elit, sed do eiusmod tempor incididunt ut labore et dolore magna aliqua.</description>
    </item>
    
    <item>
      <title>Photography</title>
      <link>https://demo.gethugothemes.com/educenter/examplesite/course/course-1/</link>
      <pubDate>Sat, 06 Jul 2019 15:27:17 +0600</pubDate>
      
      <guid>https://demo.gethugothemes.com/educenter/examplesite/course/course-1/</guid>
      <description>About Course Lorem ipsum dolor sit amet, consectetur adipisicing elit, sed do eiusmod tempor incididunt ut labore et dolore magna aliqua.</description>
    </item>
    
    <item>
      <title>Teaching Materials and Testing Methods</title>
      <link>https://demo.gethugothemes.com/educenter/examplesite/notice/notice-1/</link>
      <pubDate>Sat, 06 Jul 2019 15:27:17 +0600</pubDate>
      
      <guid>https://demo.gethugothemes.com/educenter/examplesite/notice/notice-1/</guid>
      <description>About Notice Lorem ipsum dolor sit amet, consectetur adipisicing elit, sed do eiusmod tempor incididunt ut labore et dolore magna aliqua.</description>
    </item>
    
    <item>
      <title>Teaching Materials and Testing Methods</title>
      <link>https://demo.gethugothemes.com/educenter/examplesite/notice/notice-2/</link>
      <pubDate>Sat, 06 Jul 2019 15:27:17 +0600</pubDate>
      
      <guid>https://demo.gethugothemes.com/educenter/examplesite/notice/notice-2/</guid>
      <description>About Notice Lorem ipsum dolor sit amet, consectetur adipisicing elit, sed do eiusmod tempor incididunt ut labore et dolore magna aliqua.</description>
    </item>
    
    <item>
      <title>Teaching Materials and Testing Methods</title>
      <link>https://demo.gethugothemes.com/educenter/examplesite/notice/notice-3/</link>
      <pubDate>Sat, 06 Jul 2019 15:27:17 +0600</pubDate>
      
      <guid>https://demo.gethugothemes.com/educenter/examplesite/notice/notice-3/</guid>
      <description>About Notice Lorem ipsum dolor sit amet, consectetur adipisicing elit, sed do eiusmod tempor incididunt ut labore et dolore magna aliqua.</description>
    </item>
    
    <item>
      <title>Teaching Materials and Testing Methods</title>
      <link>https://demo.gethugothemes.com/educenter/examplesite/notice/notice-4/</link>
      <pubDate>Sat, 06 Jul 2019 15:27:17 +0600</pubDate>
      
      <guid>https://demo.gethugothemes.com/educenter/examplesite/notice/notice-4/</guid>
      <description>About Notice Lorem ipsum dolor sit amet, consectetur adipisicing elit, sed do eiusmod tempor incididunt ut labore et dolore magna aliqua.</description>
    </item>
    
    <item>
      <title>Teaching Materials and Testing Methods</title>
      <link>https://demo.gethugothemes.com/educenter/examplesite/notice/notice-5/</link>
      <pubDate>Sat, 06 Jul 2019 15:27:17 +0600</pubDate>
      
      <guid>https://demo.gethugothemes.com/educenter/examplesite/notice/notice-5/</guid>
      <description>About Notice Lorem ipsum dolor sit amet, consectetur adipisicing elit, sed do eiusmod tempor incididunt ut labore et dolore magna aliqua.</description>
    </item>
    
    <item>
      <title>Teaching Materials and Testing Methods</title>
      <link>https://demo.gethugothemes.com/educenter/examplesite/notice/notice-6/</link>
      <pubDate>Sat, 06 Jul 2019 15:27:17 +0600</pubDate>
      
      <guid>https://demo.gethugothemes.com/educenter/examplesite/notice/notice-6/</guid>
      <description>About Notice Lorem ipsum dolor sit amet, consectetur adipisicing elit, sed do eiusmod tempor incididunt ut labore et dolore magna aliqua.</description>
    </item>
    
    <item>
      <title>Vlogging</title>
      <link>https://demo.gethugothemes.com/educenter/examplesite/course/course-6/</link>
      <pubDate>Sat, 06 Jul 2019 15:27:17 +0600</pubDate>
      
      <guid>https://demo.gethugothemes.com/educenter/examplesite/course/course-6/</guid>
      <description>About Course Lorem ipsum dolor sit amet, consectetur adipisicing elit, sed do eiusmod tempor incididunt ut labore et dolore magna aliqua.</description>
    </item>
    
    <item>
      <title>Alex Rook</title>
      <link>https://demo.gethugothemes.com/educenter/examplesite/teacher/alex-rook/</link>
      <pubDate>Mon, 01 Jan 0001 00:00:00 +0000</pubDate>
      
      <guid>https://demo.gethugothemes.com/educenter/examplesite/teacher/alex-rook/</guid>
      <description>About Me Lorem ipsum dolor sit amet, consectetur adipisicing elit, sed do eiusmod tempor incididunt ut labore et dolore magna aliqua.</description>
    </item>
    
    <item>
      <title>CHEMICAL ENGINEERING</title>
      <link>https://demo.gethugothemes.com/educenter/examplesite/scholarship/scholarship-1/</link>
      <pubDate>Mon, 01 Jan 0001 00:00:00 +0000</pubDate>
      
      <guid>https://demo.gethugothemes.com/educenter/examplesite/scholarship/scholarship-1/</guid>
      <description> institutes Smart-affiliated research Digital Access to Scholarship Smart Catalyst Smart Library Portal Smart research programs </description>
    </item>
    
    <item>
      <title>CHEMICAL ENGINEERING</title>
      <link>https://demo.gethugothemes.com/educenter/examplesite/scholarship/scholarship-2/</link>
      <pubDate>Mon, 01 Jan 0001 00:00:00 +0000</pubDate>
      
      <guid>https://demo.gethugothemes.com/educenter/examplesite/scholarship/scholarship-2/</guid>
      <description> institutes Smart-affiliated research Digital Access to Scholarship Smart Catalyst Smart Library Portal Smart research programs </description>
    </item>
    
    <item>
      <title>CHEMICAL ENGINEERING</title>
      <link>https://demo.gethugothemes.com/educenter/examplesite/scholarship/scholarship-3/</link>
      <pubDate>Mon, 01 Jan 0001 00:00:00 +0000</pubDate>
      
      <guid>https://demo.gethugothemes.com/educenter/examplesite/scholarship/scholarship-3/</guid>
      <description> institutes Smart-affiliated research Digital Access to Scholarship Smart Catalyst Smart Library Portal Smart research programs </description>
    </item>
    
    <item>
      <title>Clark Malik</title>
      <link>https://demo.gethugothemes.com/educenter/examplesite/teacher/clark-malik/</link>
      <pubDate>Mon, 01 Jan 0001 00:00:00 +0000</pubDate>
      
      <guid>https://demo.gethugothemes.com/educenter/examplesite/teacher/clark-malik/</guid>
      <description>About Me Lorem ipsum dolor sit amet, consectetur adipisicing elit, sed do eiusmod tempor incididunt ut labore et dolore magna aliqua.</description>
    </item>
    
    <item>
      <title>Devid Luis</title>
      <link>https://demo.gethugothemes.com/educenter/examplesite/teacher/devid-luis/</link>
      <pubDate>Mon, 01 Jan 0001 00:00:00 +0000</pubDate>
      
      <guid>https://demo.gethugothemes.com/educenter/examplesite/teacher/devid-luis/</guid>
      <description>About Me Lorem ipsum dolor sit amet, consectetur adipisicing elit, sed do eiusmod tempor incididunt ut labore et dolore magna aliqua.</description>
    </item>
    
    <item>
      <title>Duis Rio</title>
      <link>https://demo.gethugothemes.com/educenter/examplesite/teacher/duis-rio/</link>
      <pubDate>Mon, 01 Jan 0001 00:00:00 +0000</pubDate>
      
      <guid>https://demo.gethugothemes.com/educenter/examplesite/teacher/duis-rio/</guid>
      <description>About Me Lorem ipsum dolor sit amet, consectetur adipisicing elit, sed do eiusmod tempor incididunt ut labore et dolore magna aliqua.</description>
    </item>
    
    <item>
      <title>Jacke Mastio</title>
      <link>https://demo.gethugothemes.com/educenter/examplesite/teacher/jacke-mastio/</link>
      <pubDate>Mon, 01 Jan 0001 00:00:00 +0000</pubDate>
      
      <guid>https://demo.gethugothemes.com/educenter/examplesite/teacher/jacke-mastio/</guid>
      <description>About Me Lorem ipsum dolor sit amet, consectetur adipisicing elit, sed do eiusmod tempor incididunt ut labore et dolore magna aliqua.</description>
    </item>
    
    <item>
      <title>John doe</title>
      <link>https://demo.gethugothemes.com/educenter/examplesite/author/john-doe/</link>
      <pubDate>Mon, 01 Jan 0001 00:00:00 +0000</pubDate>
      
      <guid>https://demo.gethugothemes.com/educenter/examplesite/author/john-doe/</guid>
      <description>Lorem ipsum dolor sit amet, consectetur adipiscing elit. Proin sit amet vulputate augue.</description>
    </item>
    
    <item>
      <title>Mark Dinn</title>
      <link>https://demo.gethugothemes.com/educenter/examplesite/author/mark-dinn/</link>
      <pubDate>Mon, 01 Jan 0001 00:00:00 +0000</pubDate>
      
      <guid>https://demo.gethugothemes.com/educenter/examplesite/author/mark-dinn/</guid>
      <description>Lorem ipsum dolor sit amet, consectetur adipiscing elit. Proin sit amet vulputate augue.</description>
    </item>
    
    <item>
      <title>Zim Cook</title>
      <link>https://demo.gethugothemes.com/educenter/examplesite/teacher/zim-cook/</link>
      <pubDate>Mon, 01 Jan 0001 00:00:00 +0000</pubDate>
      
      <guid>https://demo.gethugothemes.com/educenter/examplesite/teacher/zim-cook/</guid>
      <description>About Me Lorem ipsum dolor sit amet, consectetur adipisicing elit, sed do eiusmod tempor incididunt ut labore et dolore magna aliqua.</description>
    </item>
    
  </channel>
</rss>
