<?xml version="1.0" encoding="utf-8" standalone="yes"?>
<rss version="2.0" xmlns:atom="http://www.w3.org/2005/Atom">
  <channel>
    <title>Bourses d’études on Educenter | hugo education template</title>
    <link>/fr/scholarship/</link>
    <description>Recent content in Bourses d’études on Educenter | hugo education template</description>
    <generator>Hugo -- gohugo.io</generator>
    <language>fr-fr</language>
    <copyright>Copyright &amp;copy; 2021 a hugo theme by [Themefisher](https://themefisher.com/hugo-themes/)</copyright><atom:link href="/fr/scholarship/index.xml" rel="self" type="application/rss+xml" />
    <item>
      <title>GÉNIE CHIMIQUE</title>
      <link>/fr/scholarship/scholarship-1/</link>
      <pubDate>Mon, 01 Jan 0001 00:00:00 +0000</pubDate>
      
      <guid>/fr/scholarship/scholarship-1/</guid>
      <description> instituts Recherche intelligemment affiliée Accès numérique aux bourses d’étude Catalyse intelligente Portail vers une bibliothèque intelligente Programmes de recherche intelligente </description>
    </item>
    
    <item>
      <title>GÉNIE CHIMIQUE</title>
      <link>/fr/scholarship/scholarship-2/</link>
      <pubDate>Mon, 01 Jan 0001 00:00:00 +0000</pubDate>
      
      <guid>/fr/scholarship/scholarship-2/</guid>
      <description> instituts Recherche intelligemment affiliée Accès numérique aux bourses d’étude Catalyse intelligente Portail vers une bibliothèque intelligente Programmes de recherche intelligente </description>
    </item>
    
    <item>
      <title>GÉNIE CHIMIQUE</title>
      <link>/fr/scholarship/scholarship-3/</link>
      <pubDate>Mon, 01 Jan 0001 00:00:00 +0000</pubDate>
      
      <guid>/fr/scholarship/scholarship-3/</guid>
      <description> instituts Recherche intelligemment affiliée Accès numérique aux bourses d’étude Catalyse intelligente Portail vers une bibliothèque intelligente Programmes de recherche intelligente </description>
    </item>
    
  </channel>
</rss>
