<?xml version="1.0" encoding="utf-8" standalone="yes"?>
<rss version="2.0" xmlns:atom="http://www.w3.org/2005/Atom">
  <channel>
    <title>Educenter | hugo education template</title>
    <link>/fr/</link>
    <description>Recent content on Educenter | hugo education template</description>
    <generator>Hugo -- gohugo.io</generator>
    <language>fr-fr</language>
    <copyright>Copyright &amp;copy; 2021 a hugo theme by [Themefisher](https://themefisher.com/hugo-themes/)</copyright>
    <lastBuildDate>Sat, 06 Jul 2019 15:27:17 +0600</lastBuildDate><atom:link href="/fr/index.xml" rel="self" type="application/rss+xml" />
    <item>
      <title>Algorithme</title>
      <link>/fr/course/course-5/</link>
      <pubDate>Sat, 06 Jul 2019 15:27:17 +0600</pubDate>
      
      <guid>/fr/course/course-5/</guid>
      <description>À propos du cours Lorem ipsum dolor sit amet, consectetur adipisicing elit, sed do eiusmod tempor incididunt ut labore et dolore magna aliqua.</description>
    </item>
    
    <item>
      <title>Conférence sur les médias sociaux et l’économie béhaviorale</title>
      <link>/fr/event/event-1/</link>
      <pubDate>Sat, 06 Jul 2019 15:27:17 +0600</pubDate>
      
      <guid>/fr/event/event-1/</guid>
      <description>À propos de l’événement Lorem ipsum dolor sit amet, consectetur adipisicing elit, sed do eiusmod tempor incididunt ut labore et dolore magna aliqua.</description>
    </item>
    
    <item>
      <title>Conférence sur les médias sociaux et l’économie béhaviorale</title>
      <link>/fr/event/event-2/</link>
      <pubDate>Sat, 06 Jul 2019 15:27:17 +0600</pubDate>
      
      <guid>/fr/event/event-2/</guid>
      <description>À propos de l’événement Lorem ipsum dolor sit amet, consectetur adipisicing elit, sed do eiusmod tempor incididunt ut labore et dolore magna aliqua.</description>
    </item>
    
    <item>
      <title>Conférence sur les médias sociaux et l’économie béhaviorale</title>
      <link>/fr/event/event-3/</link>
      <pubDate>Sat, 06 Jul 2019 15:27:17 +0600</pubDate>
      
      <guid>/fr/event/event-3/</guid>
      <description>À propos de l’événement Lorem ipsum dolor sit amet, consectetur adipisicing elit, sed do eiusmod tempor incididunt ut labore et dolore magna aliqua.</description>
    </item>
    
    <item>
      <title>Conférence sur les médias sociaux et l’économie béhaviorale</title>
      <link>/fr/event/event-4/</link>
      <pubDate>Sat, 06 Jul 2019 15:27:17 +0600</pubDate>
      
      <guid>/fr/event/event-4/</guid>
      <description>À propos de l’événement Lorem ipsum dolor sit amet, consectetur adipisicing elit, sed do eiusmod tempor incididunt ut labore et dolore magna aliqua.</description>
    </item>
    
    <item>
      <title>Conférence sur les médias sociaux et l’économie béhaviorale</title>
      <link>/fr/event/event-5/</link>
      <pubDate>Sat, 06 Jul 2019 15:27:17 +0600</pubDate>
      
      <guid>/fr/event/event-5/</guid>
      <description>À propos de l’événement Lorem ipsum dolor sit amet, consectetur adipisicing elit, sed do eiusmod tempor incididunt ut labore et dolore magna aliqua.</description>
    </item>
    
    <item>
      <title>Conférence sur les médias sociaux et l’économie béhaviorale</title>
      <link>/fr/event/event-6/</link>
      <pubDate>Sat, 06 Jul 2019 15:27:17 +0600</pubDate>
      
      <guid>/fr/event/event-6/</guid>
      <description>À propos de l’événement Lorem ipsum dolor sit amet, consectetur adipisicing elit, sed do eiusmod tempor incididunt ut labore et dolore magna aliqua.</description>
    </item>
    
    <item>
      <title>Dioramas de boîtes coupées élégantes</title>
      <link>/fr/blog/blog-post-1/</link>
      <pubDate>Sat, 06 Jul 2019 15:27:17 +0600</pubDate>
      
      <guid>/fr/blog/blog-post-1/</guid>
      <description>The standard Lorem Ipsum passage, used since the 1500s Lorem ipsum dolor sit amet, consectetur adipiscing elit, sed do eiusmod tempor incididunt ut labore et dolore magna aliqua.</description>
    </item>
    
    <item>
      <title>Dioramas de boîtes coupées élégantes</title>
      <link>/fr/blog/blog-post-2/</link>
      <pubDate>Sat, 06 Jul 2019 15:27:17 +0600</pubDate>
      
      <guid>/fr/blog/blog-post-2/</guid>
      <description>The standard Lorem Ipsum passage, used since the 1500s Lorem ipsum dolor sit amet, consectetur adipiscing elit, sed do eiusmod tempor incididunt ut labore et dolore magna aliqua.</description>
    </item>
    
    <item>
      <title>Dioramas de boîtes coupées élégantes</title>
      <link>/fr/blog/blog-post-3/</link>
      <pubDate>Sat, 06 Jul 2019 15:27:17 +0600</pubDate>
      
      <guid>/fr/blog/blog-post-3/</guid>
      <description>The standard Lorem Ipsum passage, used since the 1500s Lorem ipsum dolor sit amet, consectetur adipiscing elit, sed do eiusmod tempor incididunt ut labore et dolore magna aliqua.</description>
    </item>
    
    <item>
      <title>Dioramas de boîtes coupées élégantes</title>
      <link>/fr/blog/blog-post-4/</link>
      <pubDate>Sat, 06 Jul 2019 15:27:17 +0600</pubDate>
      
      <guid>/fr/blog/blog-post-4/</guid>
      <description>The standard Lorem Ipsum passage, used since the 1500s Lorem ipsum dolor sit amet, consectetur adipiscing elit, sed do eiusmod tempor incididunt ut labore et dolore magna aliqua.</description>
    </item>
    
    <item>
      <title>Dioramas de boîtes coupées élégantes</title>
      <link>/fr/blog/blog-post-5/</link>
      <pubDate>Sat, 06 Jul 2019 15:27:17 +0600</pubDate>
      
      <guid>/fr/blog/blog-post-5/</guid>
      <description>The standard Lorem Ipsum passage, used since the 1500s Lorem ipsum dolor sit amet, consectetur adipiscing elit, sed do eiusmod tempor incididunt ut labore et dolore magna aliqua.</description>
    </item>
    
    <item>
      <title>Dioramas de boîtes coupées élégantes</title>
      <link>/fr/blog/blog-post-6/</link>
      <pubDate>Sat, 06 Jul 2019 15:27:17 +0600</pubDate>
      
      <guid>/fr/blog/blog-post-6/</guid>
      <description>The standard Lorem Ipsum passage, used since the 1500s Lorem ipsum dolor sit amet, consectetur adipiscing elit, sed do eiusmod tempor incididunt ut labore et dolore magna aliqua.</description>
    </item>
    
    <item>
      <title>Geographie</title>
      <link>/fr/research/research-1/</link>
      <pubDate>Sat, 06 Jul 2019 15:27:17 +0600</pubDate>
      
      <guid>/fr/research/research-1/</guid>
      <description>À propos de la recherche Lorem ipsum dolor sit amet, consectetur adipisicing elit, sed do eiusmod tempor incididunt ut labore et dolore magna aliqua.</description>
    </item>
    
    <item>
      <title>Géographie</title>
      <link>/fr/research/research-2/</link>
      <pubDate>Sat, 06 Jul 2019 15:27:17 +0600</pubDate>
      
      <guid>/fr/research/research-2/</guid>
      <description>À propos de la recherche Lorem ipsum dolor sit amet, consectetur adipisicing elit, sed do eiusmod tempor incididunt ut labore et dolore magna aliqua.</description>
    </item>
    
    <item>
      <title>Géographie</title>
      <link>/fr/research/research-3/</link>
      <pubDate>Sat, 06 Jul 2019 15:27:17 +0600</pubDate>
      
      <guid>/fr/research/research-3/</guid>
      <description>À propos de la recherche Lorem ipsum dolor sit amet, consectetur adipisicing elit, sed do eiusmod tempor incididunt ut labore et dolore magna aliqua.</description>
    </item>
    
    <item>
      <title>Géographie</title>
      <link>/fr/research/research-4/</link>
      <pubDate>Sat, 06 Jul 2019 15:27:17 +0600</pubDate>
      
      <guid>/fr/research/research-4/</guid>
      <description>À propos de la recherche Lorem ipsum dolor sit amet, consectetur adipisicing elit, sed do eiusmod tempor incididunt ut labore et dolore magna aliqua.</description>
    </item>
    
    <item>
      <title>Géographie</title>
      <link>/fr/research/research-5/</link>
      <pubDate>Sat, 06 Jul 2019 15:27:17 +0600</pubDate>
      
      <guid>/fr/research/research-5/</guid>
      <description>À propos de la recherche Lorem ipsum dolor sit amet, consectetur adipisicing elit, sed do eiusmod tempor incididunt ut labore et dolore magna aliqua.</description>
    </item>
    
    <item>
      <title>Géographie</title>
      <link>/fr/research/research-6/</link>
      <pubDate>Sat, 06 Jul 2019 15:27:17 +0600</pubDate>
      
      <guid>/fr/research/research-6/</guid>
      <description>À propos de la recherche Lorem ipsum dolor sit amet, consectetur adipisicing elit, sed do eiusmod tempor incididunt ut labore et dolore magna aliqua.</description>
    </item>
    
    <item>
      <title>Intelligence artificielle</title>
      <link>/fr/course/course-3/</link>
      <pubDate>Sat, 06 Jul 2019 15:27:17 +0600</pubDate>
      
      <guid>/fr/course/course-3/</guid>
      <description>À propos du cours Lorem ipsum dolor sit amet, consectetur adipisicing elit, sed do eiusmod tempor incididunt ut labore et dolore magna aliqua.</description>
    </item>
    
    <item>
      <title>JavaScript</title>
      <link>/fr/course/course-4/</link>
      <pubDate>Sat, 06 Jul 2019 15:27:17 +0600</pubDate>
      
      <guid>/fr/course/course-4/</guid>
      <description>À propos du cours Lorem ipsum dolor sit amet, consectetur adipisicing elit, sed do eiusmod tempor incididunt ut labore et dolore magna aliqua.</description>
    </item>
    
    <item>
      <title>Matériaux d’enseignement et méthodes de test</title>
      <link>/fr/notice/notice-1/</link>
      <pubDate>Sat, 06 Jul 2019 15:27:17 +0600</pubDate>
      
      <guid>/fr/notice/notice-1/</guid>
      <description>À propos de la notice Lorem ipsum dolor sit amet, consectetur adipisicing elit, sed do eiusmod tempor incididunt ut labore et dolore magna aliqua.</description>
    </item>
    
    <item>
      <title>Matériaux d’enseignement et méthodes de test</title>
      <link>/fr/notice/notice-2/</link>
      <pubDate>Sat, 06 Jul 2019 15:27:17 +0600</pubDate>
      
      <guid>/fr/notice/notice-2/</guid>
      <description>À propos de la notice Lorem ipsum dolor sit amet, consectetur adipisicing elit, sed do eiusmod tempor incididunt ut labore et dolore magna aliqua.</description>
    </item>
    
    <item>
      <title>Matériaux d’enseignement et méthodes de test</title>
      <link>/fr/notice/notice-3/</link>
      <pubDate>Sat, 06 Jul 2019 15:27:17 +0600</pubDate>
      
      <guid>/fr/notice/notice-3/</guid>
      <description>À propos de la notice Lorem ipsum dolor sit amet, consectetur adipisicing elit, sed do eiusmod tempor incididunt ut labore et dolore magna aliqua.</description>
    </item>
    
    <item>
      <title>Matériaux d’enseignement et méthodes de test</title>
      <link>/fr/notice/notice-4/</link>
      <pubDate>Sat, 06 Jul 2019 15:27:17 +0600</pubDate>
      
      <guid>/fr/notice/notice-4/</guid>
      <description>À propos de la notice Lorem ipsum dolor sit amet, consectetur adipisicing elit, sed do eiusmod tempor incididunt ut labore et dolore magna aliqua.</description>
    </item>
    
    <item>
      <title>Matériaux d’enseignement et méthodes de test</title>
      <link>/fr/notice/notice-5/</link>
      <pubDate>Sat, 06 Jul 2019 15:27:17 +0600</pubDate>
      
      <guid>/fr/notice/notice-5/</guid>
      <description>À propos de la notice Lorem ipsum dolor sit amet, consectetur adipisicing elit, sed do eiusmod tempor incididunt ut labore et dolore magna aliqua.</description>
    </item>
    
    <item>
      <title>Matériaux d’enseignement et méthodes de test</title>
      <link>/fr/notice/notice-6/</link>
      <pubDate>Sat, 06 Jul 2019 15:27:17 +0600</pubDate>
      
      <guid>/fr/notice/notice-6/</guid>
      <description>À propos de la notice Lorem ipsum dolor sit amet, consectetur adipisicing elit, sed do eiusmod tempor incididunt ut labore et dolore magna aliqua.</description>
    </item>
    
    <item>
      <title>Mathématiques</title>
      <link>/fr/course/course-2/</link>
      <pubDate>Sat, 06 Jul 2019 15:27:17 +0600</pubDate>
      
      <guid>/fr/course/course-2/</guid>
      <description>À propos du cours Lorem ipsum dolor sit amet, consectetur adipisicing elit, sed do eiusmod tempor incididunt ut labore et dolore magna aliqua.</description>
    </item>
    
    <item>
      <title>Photographie</title>
      <link>/fr/course/course-1/</link>
      <pubDate>Sat, 06 Jul 2019 15:27:17 +0600</pubDate>
      
      <guid>/fr/course/course-1/</guid>
      <description>À propos du cours Lorem ipsum dolor sit amet, consectetur adipisicing elit, sed do eiusmod tempor incididunt ut labore et dolore magna aliqua.</description>
    </item>
    
    <item>
      <title>Vlogging</title>
      <link>/fr/course/course-6/</link>
      <pubDate>Sat, 06 Jul 2019 15:27:17 +0600</pubDate>
      
      <guid>/fr/course/course-6/</guid>
      <description>À propos du cours Lorem ipsum dolor sit amet, consectetur adipisicing elit, sed do eiusmod tempor incididunt ut labore et dolore magna aliqua.</description>
    </item>
    
    <item>
      <title>Alex Rook</title>
      <link>/fr/teacher/alex-rook/</link>
      <pubDate>Mon, 01 Jan 0001 00:00:00 +0000</pubDate>
      
      <guid>/fr/teacher/alex-rook/</guid>
      <description>À propos de moi Lorem ipsum dolor sit amet, consectetur adipisicing elit, sed do eiusmod tempor incididunt ut labore et dolore magna aliqua.</description>
    </item>
    
    <item>
      <title>Clark Malik</title>
      <link>/fr/teacher/clark-malik/</link>
      <pubDate>Mon, 01 Jan 0001 00:00:00 +0000</pubDate>
      
      <guid>/fr/teacher/clark-malik/</guid>
      <description>À propos de moi Lorem ipsum dolor sit amet, consectetur adipisicing elit, sed do eiusmod tempor incididunt ut labore et dolore magna aliqua.</description>
    </item>
    
    <item>
      <title>Devid Luis</title>
      <link>/fr/teacher/devid-luis/</link>
      <pubDate>Mon, 01 Jan 0001 00:00:00 +0000</pubDate>
      
      <guid>/fr/teacher/devid-luis/</guid>
      <description>À propos de moi Lorem ipsum dolor sit amet, consectetur adipisicing elit, sed do eiusmod tempor incididunt ut labore et dolore magna aliqua.</description>
    </item>
    
    <item>
      <title>Duis Rio</title>
      <link>/fr/teacher/duis-rio/</link>
      <pubDate>Mon, 01 Jan 0001 00:00:00 +0000</pubDate>
      
      <guid>/fr/teacher/duis-rio/</guid>
      <description>À propos de moi Lorem ipsum dolor sit amet, consectetur adipisicing elit, sed do eiusmod tempor incididunt ut labore et dolore magna aliqua.</description>
    </item>
    
    <item>
      <title>GÉNIE CHIMIQUE</title>
      <link>/fr/scholarship/scholarship-1/</link>
      <pubDate>Mon, 01 Jan 0001 00:00:00 +0000</pubDate>
      
      <guid>/fr/scholarship/scholarship-1/</guid>
      <description> instituts Recherche intelligemment affiliée Accès numérique aux bourses d’étude Catalyse intelligente Portail vers une bibliothèque intelligente Programmes de recherche intelligente </description>
    </item>
    
    <item>
      <title>GÉNIE CHIMIQUE</title>
      <link>/fr/scholarship/scholarship-2/</link>
      <pubDate>Mon, 01 Jan 0001 00:00:00 +0000</pubDate>
      
      <guid>/fr/scholarship/scholarship-2/</guid>
      <description> instituts Recherche intelligemment affiliée Accès numérique aux bourses d’étude Catalyse intelligente Portail vers une bibliothèque intelligente Programmes de recherche intelligente </description>
    </item>
    
    <item>
      <title>GÉNIE CHIMIQUE</title>
      <link>/fr/scholarship/scholarship-3/</link>
      <pubDate>Mon, 01 Jan 0001 00:00:00 +0000</pubDate>
      
      <guid>/fr/scholarship/scholarship-3/</guid>
      <description> instituts Recherche intelligemment affiliée Accès numérique aux bourses d’étude Catalyse intelligente Portail vers une bibliothèque intelligente Programmes de recherche intelligente </description>
    </item>
    
    <item>
      <title>Jacke Mastio</title>
      <link>/fr/teacher/jacke-mastio/</link>
      <pubDate>Mon, 01 Jan 0001 00:00:00 +0000</pubDate>
      
      <guid>/fr/teacher/jacke-mastio/</guid>
      <description>À propos de moi Lorem ipsum dolor sit amet, consectetur adipisicing elit, sed do eiusmod tempor incididunt ut labore et dolore magna aliqua.</description>
    </item>
    
    <item>
      <title>John doe</title>
      <link>/fr/author/john-doe/</link>
      <pubDate>Mon, 01 Jan 0001 00:00:00 +0000</pubDate>
      
      <guid>/fr/author/john-doe/</guid>
      <description>Lorem ipsum dolor sit amet, consectetur adipiscing elit. Proin sit amet vulputate augue.</description>
    </item>
    
    <item>
      <title>Mark Dinn</title>
      <link>/fr/author/mark-dinn/</link>
      <pubDate>Mon, 01 Jan 0001 00:00:00 +0000</pubDate>
      
      <guid>/fr/author/mark-dinn/</guid>
      <description>Lorem ipsum dolor sit amet, consectetur adipiscing elit. Proin sit amet vulputate augue.</description>
    </item>
    
    <item>
      <title>Zim Cook</title>
      <link>/fr/teacher/zim-cook/</link>
      <pubDate>Mon, 01 Jan 0001 00:00:00 +0000</pubDate>
      
      <guid>/fr/teacher/zim-cook/</guid>
      <description>À propos de moi Lorem ipsum dolor sit amet, consectetur adipisicing elit, sed do eiusmod tempor incididunt ut labore et dolore magna aliqua.</description>
    </item>
    
  </channel>
</rss>
