<?xml version="1.0" encoding="utf-8" standalone="yes"?>
<rss version="2.0" xmlns:atom="http://www.w3.org/2005/Atom">
  <channel>
    <title>Tags on Educenter | hugo education template</title>
    <link>/fr/tags/</link>
    <description>Recent content in Tags on Educenter | hugo education template</description>
    <generator>Hugo -- gohugo.io</generator>
    <language>fr-fr</language>
    <copyright>Copyright &amp;copy; 2021 a hugo theme by [Themefisher](https://themefisher.com/hugo-themes/)</copyright>
    <lastBuildDate>Sat, 06 Jul 2019 15:27:17 +0600</lastBuildDate><atom:link href="/fr/tags/index.xml" rel="self" type="application/rss+xml" />
    <item>
      <title>Advice</title>
      <link>/fr/tags/advice/</link>
      <pubDate>Sat, 06 Jul 2019 15:27:17 +0600</pubDate>
      
      <guid>/fr/tags/advice/</guid>
      <description></description>
    </item>
    
    <item>
      <title>AI</title>
      <link>/fr/tags/ai/</link>
      <pubDate>Sat, 06 Jul 2019 15:27:17 +0600</pubDate>
      
      <guid>/fr/tags/ai/</guid>
      <description></description>
    </item>
    
    <item>
      <title>Automation</title>
      <link>/fr/tags/automation/</link>
      <pubDate>Sat, 06 Jul 2019 15:27:17 +0600</pubDate>
      
      <guid>/fr/tags/automation/</guid>
      <description></description>
    </item>
    
    <item>
      <title>Eco</title>
      <link>/fr/tags/eco/</link>
      <pubDate>Sat, 06 Jul 2019 15:27:17 +0600</pubDate>
      
      <guid>/fr/tags/eco/</guid>
      <description></description>
    </item>
    
    <item>
      <title>Education</title>
      <link>/fr/tags/education/</link>
      <pubDate>Sat, 06 Jul 2019 15:27:17 +0600</pubDate>
      
      <guid>/fr/tags/education/</guid>
      <description></description>
    </item>
    
    <item>
      <title>English</title>
      <link>/fr/tags/english/</link>
      <pubDate>Sat, 06 Jul 2019 15:27:17 +0600</pubDate>
      
      <guid>/fr/tags/english/</guid>
      <description></description>
    </item>
    
    <item>
      <title>Rules</title>
      <link>/fr/tags/rules/</link>
      <pubDate>Sat, 06 Jul 2019 15:27:17 +0600</pubDate>
      
      <guid>/fr/tags/rules/</guid>
      <description></description>
    </item>
    
  </channel>
</rss>
