<?xml version="1.0" encoding="utf-8" standalone="yes"?>
<rss version="2.0" xmlns:atom="http://www.w3.org/2005/Atom">
  <channel>
    <title>Our Courses on Educenter | hugo education template</title>
    <link>https://demo.gethugothemes.com/educenter/examplesite/course/</link>
    <description>Recent content in Our Courses on Educenter | hugo education template</description>
    <generator>Hugo -- gohugo.io</generator>
    <language>en-us</language>
    <copyright>Copyright &amp;copy; 2021 a hugo theme by [Themefisher](https://themefisher.com/hugo-themes/)</copyright>
    <lastBuildDate>Sat, 06 Jul 2019 15:27:17 +0600</lastBuildDate><atom:link href="https://demo.gethugothemes.com/educenter/examplesite/course/index.xml" rel="self" type="application/rss+xml" />
    <item>
      <title>Algorithm</title>
      <link>https://demo.gethugothemes.com/educenter/examplesite/course/course-5/</link>
      <pubDate>Sat, 06 Jul 2019 15:27:17 +0600</pubDate>
      
      <guid>https://demo.gethugothemes.com/educenter/examplesite/course/course-5/</guid>
      <description>About Course Lorem ipsum dolor sit amet, consectetur adipisicing elit, sed do eiusmod tempor incididunt ut labore et dolore magna aliqua.</description>
    </item>
    
    <item>
      <title>Artificial Intelligence</title>
      <link>https://demo.gethugothemes.com/educenter/examplesite/course/course-3/</link>
      <pubDate>Sat, 06 Jul 2019 15:27:17 +0600</pubDate>
      
      <guid>https://demo.gethugothemes.com/educenter/examplesite/course/course-3/</guid>
      <description>About Course Lorem ipsum dolor sit amet, consectetur adipisicing elit, sed do eiusmod tempor incididunt ut labore et dolore magna aliqua.</description>
    </item>
    
    <item>
      <title>JavaScript</title>
      <link>https://demo.gethugothemes.com/educenter/examplesite/course/course-4/</link>
      <pubDate>Sat, 06 Jul 2019 15:27:17 +0600</pubDate>
      
      <guid>https://demo.gethugothemes.com/educenter/examplesite/course/course-4/</guid>
      <description>About Course Lorem ipsum dolor sit amet, consectetur adipisicing elit, sed do eiusmod tempor incididunt ut labore et dolore magna aliqua.</description>
    </item>
    
    <item>
      <title>Mathematics</title>
      <link>https://demo.gethugothemes.com/educenter/examplesite/course/course-2/</link>
      <pubDate>Sat, 06 Jul 2019 15:27:17 +0600</pubDate>
      
      <guid>https://demo.gethugothemes.com/educenter/examplesite/course/course-2/</guid>
      <description>About Course Lorem ipsum dolor sit amet, consectetur adipisicing elit, sed do eiusmod tempor incididunt ut labore et dolore magna aliqua.</description>
    </item>
    
    <item>
      <title>Photography</title>
      <link>https://demo.gethugothemes.com/educenter/examplesite/course/course-1/</link>
      <pubDate>Sat, 06 Jul 2019 15:27:17 +0600</pubDate>
      
      <guid>https://demo.gethugothemes.com/educenter/examplesite/course/course-1/</guid>
      <description>About Course Lorem ipsum dolor sit amet, consectetur adipisicing elit, sed do eiusmod tempor incididunt ut labore et dolore magna aliqua.</description>
    </item>
    
    <item>
      <title>Vlogging</title>
      <link>https://demo.gethugothemes.com/educenter/examplesite/course/course-6/</link>
      <pubDate>Sat, 06 Jul 2019 15:27:17 +0600</pubDate>
      
      <guid>https://demo.gethugothemes.com/educenter/examplesite/course/course-6/</guid>
      <description>About Course Lorem ipsum dolor sit amet, consectetur adipisicing elit, sed do eiusmod tempor incididunt ut labore et dolore magna aliqua.</description>
    </item>
    
  </channel>
</rss>
