<?xml version="1.0" encoding="utf-8" standalone="yes"?>
<rss version="2.0" xmlns:atom="http://www.w3.org/2005/Atom">
  <channel>
    <title>Notice on Educenter | hugo education template</title>
    <link>https://demo.gethugothemes.com/educenter/examplesite/notice/</link>
    <description>Recent content in Notice on Educenter | hugo education template</description>
    <generator>Hugo -- gohugo.io</generator>
    <language>en-us</language>
    <copyright>Copyright &amp;copy; 2021 a hugo theme by [Themefisher](https://themefisher.com/hugo-themes/)</copyright>
    <lastBuildDate>Sat, 06 Jul 2019 15:27:17 +0600</lastBuildDate><atom:link href="https://demo.gethugothemes.com/educenter/examplesite/notice/index.xml" rel="self" type="application/rss+xml" />
    <item>
      <title>Teaching Materials and Testing Methods</title>
      <link>https://demo.gethugothemes.com/educenter/examplesite/notice/notice-1/</link>
      <pubDate>Sat, 06 Jul 2019 15:27:17 +0600</pubDate>
      
      <guid>https://demo.gethugothemes.com/educenter/examplesite/notice/notice-1/</guid>
      <description>About Notice Lorem ipsum dolor sit amet, consectetur adipisicing elit, sed do eiusmod tempor incididunt ut labore et dolore magna aliqua.</description>
    </item>
    
    <item>
      <title>Teaching Materials and Testing Methods</title>
      <link>https://demo.gethugothemes.com/educenter/examplesite/notice/notice-2/</link>
      <pubDate>Sat, 06 Jul 2019 15:27:17 +0600</pubDate>
      
      <guid>https://demo.gethugothemes.com/educenter/examplesite/notice/notice-2/</guid>
      <description>About Notice Lorem ipsum dolor sit amet, consectetur adipisicing elit, sed do eiusmod tempor incididunt ut labore et dolore magna aliqua.</description>
    </item>
    
    <item>
      <title>Teaching Materials and Testing Methods</title>
      <link>https://demo.gethugothemes.com/educenter/examplesite/notice/notice-3/</link>
      <pubDate>Sat, 06 Jul 2019 15:27:17 +0600</pubDate>
      
      <guid>https://demo.gethugothemes.com/educenter/examplesite/notice/notice-3/</guid>
      <description>About Notice Lorem ipsum dolor sit amet, consectetur adipisicing elit, sed do eiusmod tempor incididunt ut labore et dolore magna aliqua.</description>
    </item>
    
    <item>
      <title>Teaching Materials and Testing Methods</title>
      <link>https://demo.gethugothemes.com/educenter/examplesite/notice/notice-4/</link>
      <pubDate>Sat, 06 Jul 2019 15:27:17 +0600</pubDate>
      
      <guid>https://demo.gethugothemes.com/educenter/examplesite/notice/notice-4/</guid>
      <description>About Notice Lorem ipsum dolor sit amet, consectetur adipisicing elit, sed do eiusmod tempor incididunt ut labore et dolore magna aliqua.</description>
    </item>
    
    <item>
      <title>Teaching Materials and Testing Methods</title>
      <link>https://demo.gethugothemes.com/educenter/examplesite/notice/notice-5/</link>
      <pubDate>Sat, 06 Jul 2019 15:27:17 +0600</pubDate>
      
      <guid>https://demo.gethugothemes.com/educenter/examplesite/notice/notice-5/</guid>
      <description>About Notice Lorem ipsum dolor sit amet, consectetur adipisicing elit, sed do eiusmod tempor incididunt ut labore et dolore magna aliqua.</description>
    </item>
    
    <item>
      <title>Teaching Materials and Testing Methods</title>
      <link>https://demo.gethugothemes.com/educenter/examplesite/notice/notice-6/</link>
      <pubDate>Sat, 06 Jul 2019 15:27:17 +0600</pubDate>
      
      <guid>https://demo.gethugothemes.com/educenter/examplesite/notice/notice-6/</guid>
      <description>About Notice Lorem ipsum dolor sit amet, consectetur adipisicing elit, sed do eiusmod tempor incididunt ut labore et dolore magna aliqua.</description>
    </item>
    
  </channel>
</rss>
