<?xml version="1.0" encoding="utf-8" standalone="yes"?>
<rss version="2.0" xmlns:atom="http://www.w3.org/2005/Atom">
  <channel>
    <title>Nos cours on Educenter | hugo education template</title>
    <link>/fr/teacher/</link>
    <description>Recent content in Nos cours on Educenter | hugo education template</description>
    <generator>Hugo -- gohugo.io</generator>
    <language>fr-fr</language>
    <copyright>Copyright &amp;copy; 2021 a hugo theme by [Themefisher](https://themefisher.com/hugo-themes/)</copyright><atom:link href="/fr/teacher/index.xml" rel="self" type="application/rss+xml" />
    <item>
      <title>Alex Rook</title>
      <link>/fr/teacher/alex-rook/</link>
      <pubDate>Mon, 01 Jan 0001 00:00:00 +0000</pubDate>
      
      <guid>/fr/teacher/alex-rook/</guid>
      <description>À propos de moi Lorem ipsum dolor sit amet, consectetur adipisicing elit, sed do eiusmod tempor incididunt ut labore et dolore magna aliqua.</description>
    </item>
    
    <item>
      <title>Clark Malik</title>
      <link>/fr/teacher/clark-malik/</link>
      <pubDate>Mon, 01 Jan 0001 00:00:00 +0000</pubDate>
      
      <guid>/fr/teacher/clark-malik/</guid>
      <description>À propos de moi Lorem ipsum dolor sit amet, consectetur adipisicing elit, sed do eiusmod tempor incididunt ut labore et dolore magna aliqua.</description>
    </item>
    
    <item>
      <title>Devid Luis</title>
      <link>/fr/teacher/devid-luis/</link>
      <pubDate>Mon, 01 Jan 0001 00:00:00 +0000</pubDate>
      
      <guid>/fr/teacher/devid-luis/</guid>
      <description>À propos de moi Lorem ipsum dolor sit amet, consectetur adipisicing elit, sed do eiusmod tempor incididunt ut labore et dolore magna aliqua.</description>
    </item>
    
    <item>
      <title>Duis Rio</title>
      <link>/fr/teacher/duis-rio/</link>
      <pubDate>Mon, 01 Jan 0001 00:00:00 +0000</pubDate>
      
      <guid>/fr/teacher/duis-rio/</guid>
      <description>À propos de moi Lorem ipsum dolor sit amet, consectetur adipisicing elit, sed do eiusmod tempor incididunt ut labore et dolore magna aliqua.</description>
    </item>
    
    <item>
      <title>Jacke Mastio</title>
      <link>/fr/teacher/jacke-mastio/</link>
      <pubDate>Mon, 01 Jan 0001 00:00:00 +0000</pubDate>
      
      <guid>/fr/teacher/jacke-mastio/</guid>
      <description>À propos de moi Lorem ipsum dolor sit amet, consectetur adipisicing elit, sed do eiusmod tempor incididunt ut labore et dolore magna aliqua.</description>
    </item>
    
    <item>
      <title>Zim Cook</title>
      <link>/fr/teacher/zim-cook/</link>
      <pubDate>Mon, 01 Jan 0001 00:00:00 +0000</pubDate>
      
      <guid>/fr/teacher/zim-cook/</guid>
      <description>À propos de moi Lorem ipsum dolor sit amet, consectetur adipisicing elit, sed do eiusmod tempor incididunt ut labore et dolore magna aliqua.</description>
    </item>
    
  </channel>
</rss>
