<?xml version="1.0" encoding="utf-8" standalone="yes"?>
<rss version="2.0" xmlns:atom="http://www.w3.org/2005/Atom">
  <channel>
    <title>Our Courses on Educenter | hugo education template</title>
    <link>https://demo.gethugothemes.com/educenter/examplesite/event/</link>
    <description>Recent content in Our Courses on Educenter | hugo education template</description>
    <generator>Hugo -- gohugo.io</generator>
    <language>en-us</language>
    <copyright>Copyright &amp;copy; 2021 a hugo theme by [Themefisher](https://themefisher.com/hugo-themes/)</copyright>
    <lastBuildDate>Sat, 09 Mar 2030 15:27:17 +0600</lastBuildDate><atom:link href="https://demo.gethugothemes.com/educenter/examplesite/event/index.xml" rel="self" type="application/rss+xml" />
    <item>
      <title>Social media and behavior economics conference</title>
      <link>https://demo.gethugothemes.com/educenter/examplesite/event/event-1/</link>
      <pubDate>Sat, 09 Mar 2030 15:27:17 +0600</pubDate>
      
      <guid>https://demo.gethugothemes.com/educenter/examplesite/event/event-1/</guid>
      <description>About Event Lorem ipsum dolor sit amet, consectetur adipisicing elit, sed do eiusmod tempor incididunt ut labore et dolore magna aliqua.</description>
    </item>
    
    <item>
      <title>Social media and behavior economics conference</title>
      <link>https://demo.gethugothemes.com/educenter/examplesite/event/event-2/</link>
      <pubDate>Sat, 09 Mar 2030 15:27:17 +0600</pubDate>
      
      <guid>https://demo.gethugothemes.com/educenter/examplesite/event/event-2/</guid>
      <description>About Event Lorem ipsum dolor sit amet, consectetur adipisicing elit, sed do eiusmod tempor incididunt ut labore et dolore magna aliqua.</description>
    </item>
    
    <item>
      <title>Social media and behavior economics conference</title>
      <link>https://demo.gethugothemes.com/educenter/examplesite/event/event-3/</link>
      <pubDate>Sat, 09 Mar 2030 15:27:17 +0600</pubDate>
      
      <guid>https://demo.gethugothemes.com/educenter/examplesite/event/event-3/</guid>
      <description>About Event Lorem ipsum dolor sit amet, consectetur adipisicing elit, sed do eiusmod tempor incididunt ut labore et dolore magna aliqua.</description>
    </item>
    
    <item>
      <title>Social media and behavior economics conference</title>
      <link>https://demo.gethugothemes.com/educenter/examplesite/event/event-4/</link>
      <pubDate>Sat, 09 Mar 2030 15:27:17 +0600</pubDate>
      
      <guid>https://demo.gethugothemes.com/educenter/examplesite/event/event-4/</guid>
      <description>About Event Lorem ipsum dolor sit amet, consectetur adipisicing elit, sed do eiusmod tempor incididunt ut labore et dolore magna aliqua.</description>
    </item>
    
    <item>
      <title>Social media and behavior economics conference</title>
      <link>https://demo.gethugothemes.com/educenter/examplesite/event/event-5/</link>
      <pubDate>Sat, 09 Mar 2030 15:27:17 +0600</pubDate>
      
      <guid>https://demo.gethugothemes.com/educenter/examplesite/event/event-5/</guid>
      <description>About Event Lorem ipsum dolor sit amet, consectetur adipisicing elit, sed do eiusmod tempor incididunt ut labore et dolore magna aliqua.</description>
    </item>
    
    <item>
      <title>Social media and behavior economics conference</title>
      <link>https://demo.gethugothemes.com/educenter/examplesite/event/event-6/</link>
      <pubDate>Sat, 09 Mar 2030 15:27:17 +0600</pubDate>
      
      <guid>https://demo.gethugothemes.com/educenter/examplesite/event/event-6/</guid>
      <description>About Event Lorem ipsum dolor sit amet, consectetur adipisicing elit, sed do eiusmod tempor incididunt ut labore et dolore magna aliqua.</description>
    </item>
    
  </channel>
</rss>
