<?xml version="1.0" encoding="utf-8" standalone="yes"?>
<rss version="2.0" xmlns:atom="http://www.w3.org/2005/Atom">
  <channel>
    <title>Nos cours on Educenter | hugo education template</title>
    <link>/fr/course/</link>
    <description>Recent content in Nos cours on Educenter | hugo education template</description>
    <generator>Hugo -- gohugo.io</generator>
    <language>fr-fr</language>
    <copyright>Copyright &amp;copy; 2021 a hugo theme by [Themefisher](https://themefisher.com/hugo-themes/)</copyright>
    <lastBuildDate>Sat, 06 Jul 2019 15:27:17 +0600</lastBuildDate><atom:link href="/fr/course/index.xml" rel="self" type="application/rss+xml" />
    <item>
      <title>Algorithme</title>
      <link>/fr/course/course-5/</link>
      <pubDate>Sat, 06 Jul 2019 15:27:17 +0600</pubDate>
      
      <guid>/fr/course/course-5/</guid>
      <description>À propos du cours Lorem ipsum dolor sit amet, consectetur adipisicing elit, sed do eiusmod tempor incididunt ut labore et dolore magna aliqua.</description>
    </item>
    
    <item>
      <title>Intelligence artificielle</title>
      <link>/fr/course/course-3/</link>
      <pubDate>Sat, 06 Jul 2019 15:27:17 +0600</pubDate>
      
      <guid>/fr/course/course-3/</guid>
      <description>À propos du cours Lorem ipsum dolor sit amet, consectetur adipisicing elit, sed do eiusmod tempor incididunt ut labore et dolore magna aliqua.</description>
    </item>
    
    <item>
      <title>JavaScript</title>
      <link>/fr/course/course-4/</link>
      <pubDate>Sat, 06 Jul 2019 15:27:17 +0600</pubDate>
      
      <guid>/fr/course/course-4/</guid>
      <description>À propos du cours Lorem ipsum dolor sit amet, consectetur adipisicing elit, sed do eiusmod tempor incididunt ut labore et dolore magna aliqua.</description>
    </item>
    
    <item>
      <title>Mathématiques</title>
      <link>/fr/course/course-2/</link>
      <pubDate>Sat, 06 Jul 2019 15:27:17 +0600</pubDate>
      
      <guid>/fr/course/course-2/</guid>
      <description>À propos du cours Lorem ipsum dolor sit amet, consectetur adipisicing elit, sed do eiusmod tempor incididunt ut labore et dolore magna aliqua.</description>
    </item>
    
    <item>
      <title>Photographie</title>
      <link>/fr/course/course-1/</link>
      <pubDate>Sat, 06 Jul 2019 15:27:17 +0600</pubDate>
      
      <guid>/fr/course/course-1/</guid>
      <description>À propos du cours Lorem ipsum dolor sit amet, consectetur adipisicing elit, sed do eiusmod tempor incididunt ut labore et dolore magna aliqua.</description>
    </item>
    
    <item>
      <title>Vlogging</title>
      <link>/fr/course/course-6/</link>
      <pubDate>Sat, 06 Jul 2019 15:27:17 +0600</pubDate>
      
      <guid>/fr/course/course-6/</guid>
      <description>À propos du cours Lorem ipsum dolor sit amet, consectetur adipisicing elit, sed do eiusmod tempor incididunt ut labore et dolore magna aliqua.</description>
    </item>
    
  </channel>
</rss>
