<?xml version="1.0" encoding="utf-8" standalone="yes"?>
<rss version="2.0" xmlns:atom="http://www.w3.org/2005/Atom">
  <channel>
    <title>Scholarship on Educenter | hugo education template</title>
    <link>/scholarship/</link>
    <description>Recent content in Scholarship on Educenter | hugo education template</description>
    <generator>Hugo -- gohugo.io</generator>
    <language>en-us</language>
    <copyright>Copyright &amp;copy; 2021 a hugo theme by [Themefisher](https://themefisher.com/hugo-themes/)</copyright><atom:link href="/scholarship/index.xml" rel="self" type="application/rss+xml" />
    <item>
      <title>CHEMICAL ENGINEERING</title>
      <link>/scholarship/scholarship-1/</link>
      <pubDate>Mon, 01 Jan 0001 00:00:00 +0000</pubDate>
      
      <guid>/scholarship/scholarship-1/</guid>
      <description> institutes Smart-affiliated research Digital Access to Scholarship Smart Catalyst Smart Library Portal Smart research programs </description>
    </item>
    
    <item>
      <title>CHEMICAL ENGINEERING</title>
      <link>/scholarship/scholarship-2/</link>
      <pubDate>Mon, 01 Jan 0001 00:00:00 +0000</pubDate>
      
      <guid>/scholarship/scholarship-2/</guid>
      <description> institutes Smart-affiliated research Digital Access to Scholarship Smart Catalyst Smart Library Portal Smart research programs </description>
    </item>
    
    <item>
      <title>CHEMICAL ENGINEERING</title>
      <link>/scholarship/scholarship-3/</link>
      <pubDate>Mon, 01 Jan 0001 00:00:00 +0000</pubDate>
      
      <guid>/scholarship/scholarship-3/</guid>
      <description> institutes Smart-affiliated research Digital Access to Scholarship Smart Catalyst Smart Library Portal Smart research programs </description>
    </item>
    
  </channel>
</rss>
