<?xml version="1.0" encoding="utf-8" standalone="yes"?>
<rss version="2.0" xmlns:atom="http://www.w3.org/2005/Atom">
  <channel>
    <title>Authors on Educenter | hugo education template</title>
    <link>https://demo.gethugothemes.com/educenter/examplesite/author/</link>
    <description>Recent content in Authors on Educenter | hugo education template</description>
    <generator>Hugo -- gohugo.io</generator>
    <language>en-us</language>
    <copyright>Copyright &amp;copy; 2021 a hugo theme by [Themefisher](https://themefisher.com/hugo-themes/)</copyright><atom:link href="https://demo.gethugothemes.com/educenter/examplesite/author/index.xml" rel="self" type="application/rss+xml" />
    <item>
      <title>John doe</title>
      <link>https://demo.gethugothemes.com/educenter/examplesite/author/john-doe/</link>
      <pubDate>Mon, 01 Jan 0001 00:00:00 +0000</pubDate>
      
      <guid>https://demo.gethugothemes.com/educenter/examplesite/author/john-doe/</guid>
      <description>Lorem ipsum dolor sit amet, consectetur adipiscing elit. Proin sit amet vulputate augue.</description>
    </item>
    
    <item>
      <title>Mark Dinn</title>
      <link>https://demo.gethugothemes.com/educenter/examplesite/author/mark-dinn/</link>
      <pubDate>Mon, 01 Jan 0001 00:00:00 +0000</pubDate>
      
      <guid>https://demo.gethugothemes.com/educenter/examplesite/author/mark-dinn/</guid>
      <description>Lorem ipsum dolor sit amet, consectetur adipiscing elit. Proin sit amet vulputate augue.</description>
    </item>
    
  </channel>
</rss>
